relation_id,kind,source_object,from_module,to_module,cardinality_observed,live_count,deleted_or_dangling,distribution,target_link,verification,fate,status,espo_check
Accounts.parentid,field,vtiger_account.parentid,Accounts,—,N:1,0,0,(empty):180,Account.cParentAccount,fk-resolve: число разрешённых ссылок = число в источнике; висячие — в отчёт,пусто — данных нет,предложено,—
Accounts.modifiedby,owner,vtiger_crmentity.modifiedby,Accounts,User,N:1,180,0,user:Active:180,modifiedBy,fk-resolve: число разрешённых ссылок = число в источнике; висячие — в отчёт,перенос,реализовано (этап 03),ok: Account.modifiedBy
Accounts.smcreatorid,owner,vtiger_crmentity.smcreatorid,Accounts,User,N:1,180,0,user:Active:180,createdBy,fk-resolve: число разрешённых ссылок = число в источнике; висячие — в отчёт,перенос,реализовано (этап 03),ok: Account.createdBy
Accounts.smownerid,owner,vtiger_crmentity.smownerid,Accounts,Group|User,N:1,180,0,user:Active:179; group:1,assignedUser/teams,fk-resolve: число разрешённых ссылок = число в источнике; висячие — в отчёт,перенос,реализовано (этап 03),ok: Account.assignedUser; Account.teams
Act.modifiedby,owner,vtiger_crmentity.modifiedby,Act,User,N:1,404,0,user:Active:404,modifiedBy,fk-resolve: число разрешённых ссылок = число в источнике; висячие — в отчёт,перенос,контракт (этап 04.1),этап 04.5
Act.smcreatorid,owner,vtiger_crmentity.smcreatorid,Act,User,N:1,404,0,user:Active:404,createdBy,fk-resolve: число разрешённых ссылок = число в источнике; висячие — в отчёт,перенос,контракт (этап 04.1),этап 04.5
Act.smownerid,owner,vtiger_crmentity.smownerid,Act,User,N:1,404,0,user:Active:404,assignedUser/teams,fk-resolve: число разрешённых ссылок = число в источнике; висячие — в отчёт,перенос,контракт (этап 04.1),этап 04.5
Act.productid,field,vtiger_inventoryproductrel.productid,Act,Services,N:1,417,0,Services:417,ActItem.product,fk-resolve: число разрешённых ссылок = число в источнике; висячие — в отчёт,перенос,контракт (этап 04.1),этап 04.5
Act.accountid,field,vtiger_sp_act.accountid,Act,Accounts,N:1,404,0,Accounts:404,Act.account,fk-resolve: число разрешённых ссылок = число в источнике; висячие — в отчёт,перенос,контракт (этап 04.1),этап 04.5
Act.contactid,field,vtiger_sp_act.contactid,Act,Contacts,N:1,6,0,(empty):398; Contacts:6,Act.contact,fk-resolve: число разрешённых ссылок = число в источнике; висячие — в отчёт,перенос,контракт (этап 04.1),этап 04.5
Act.salesorderid,field,vtiger_sp_act.salesorderid,Act,—,N:1,0,0,(empty):404,Act.salesOrder,fk-resolve: число разрешённых ссылок = число в источнике; висячие — в отчёт,пусто — данных нет,контракт (этап 04.1),—
Assets.account,field,vtiger_assets.account,Assets,Accounts,N:1,3,0,Accounts:3,VtigerArchive.account,fk-resolve: число разрешённых ссылок = число в источнике; висячие — в отчёт,архив (только чтение),реализовано (этап 03),ok: VtigerArchive.account
Assets.contact,field,vtiger_assets.contact,Assets,—,N:1,0,0,(empty):3,VtigerArchive.contact,fk-resolve: число разрешённых ссылок = число в источнике; висячие — в отчёт,пусто — данных нет,предложено,—
Assets.invoiceid,field,vtiger_assets.invoiceid,Assets,—,N:1,0,0,(empty):3,VtigerArchive.data,fk-resolve: число разрешённых ссылок = число в источнике; висячие — в отчёт,пусто — данных нет,предложено,—
Assets.product,field,vtiger_assets.product,Assets,Products,N:1,3,0,Products:3,VtigerArchive.product,fk-resolve: число разрешённых ссылок = число в источнике; висячие — в отчёт,архив (только чтение),реализовано (этап 03),ok: VtigerArchive.product
Assets.modifiedby,owner,vtiger_crmentity.modifiedby,Assets,User,N:1,3,0,user:Active:3,modifiedBy,fk-resolve: число разрешённых ссылок = число в источнике; висячие — в отчёт,архив (только чтение),реализовано (этап 03),ok: VtigerArchive.modifiedBy
Assets.smcreatorid,owner,vtiger_crmentity.smcreatorid,Assets,User,N:1,3,0,user:Active:3,createdBy,fk-resolve: число разрешённых ссылок = число в источнике; висячие — в отчёт,архив (только чтение),реализовано (этап 03),ok: VtigerArchive.createdBy
Assets.smownerid,owner,vtiger_crmentity.smownerid,Assets,User,N:1,3,0,user:Active:3,assignedUser/teams,fk-resolve: число разрешённых ссылок = число в источнике; висячие — в отчёт,архив (только чтение),реализовано (этап 03),ok: VtigerArchive.assignedUser; VtigerArchive.teams
Calendar.modifiedby,owner,vtiger_crmentity.modifiedby,Calendar,User,N:1,34,0,user:Active:34,modifiedBy,fk-resolve: число разрешённых ссылок = число в источнике; висячие — в отчёт,перенос,реализовано (этап 03),ok: Task.modifiedBy
Calendar.smcreatorid,owner,vtiger_crmentity.smcreatorid,Calendar,User,N:1,34,0,user:Active:34,createdBy,fk-resolve: число разрешённых ссылок = число в источнике; висячие — в отчёт,перенос,реализовано (этап 03),ok: Task.createdBy
Calendar.smownerid,owner,vtiger_crmentity.smownerid,Calendar,User,N:1,34,0,user:Active:34,assignedUser/teams,fk-resolve: число разрешённых ссылок = число в источнике; висячие — в отчёт,перенос,реализовано (этап 03),ok: Task.assignedUser; Task.teams
Calendar.crmid,field,vtiger_seactivityrel.crmid,Calendar,Accounts|Potentials,N:1,32,0,Potentials:18; Accounts:14,Task.parent,fk-resolve: число разрешённых ссылок = число в источнике; висячие — в отчёт,перенос,реализовано (этап 03),ok: Task.parent
Consignment.modifiedby,owner,vtiger_crmentity.modifiedby,Consignment,User,N:1,1,0,user:Active:1,modifiedBy,fk-resolve: число разрешённых ссылок = число в источнике; висячие — в отчёт,архив (только чтение),реализовано (этап 03),ok: VtigerArchive.modifiedBy
Consignment.smcreatorid,owner,vtiger_crmentity.smcreatorid,Consignment,User,N:1,1,0,user:Active:1,createdBy,fk-resolve: число разрешённых ссылок = число в источнике; висячие — в отчёт,архив (только чтение),реализовано (этап 03),ok: VtigerArchive.createdBy
Consignment.smownerid,owner,vtiger_crmentity.smownerid,Consignment,User,N:1,1,0,user:Active:1,assignedUser/teams,fk-resolve: число разрешённых ссылок = число в источнике; висячие — в отчёт,архив (только чтение),реализовано (этап 03),ok: VtigerArchive.assignedUser; VtigerArchive.teams
Consignment.productid,field,vtiger_inventoryproductrel.productid,Consignment,Products,N:1,3,0,Products:3,VtigerArchive.data (строки),fk-resolve: число разрешённых ссылок = число в источнике; висячие — в отчёт,архив (только чтение),реализовано (этап 03),ok: VtigerArchive.data
Consignment.accountid,field,vtiger_sp_consignment.accountid,Consignment,Accounts,N:1,1,0,Accounts:1,VtigerArchive.account,fk-resolve: число разрешённых ссылок = число в источнике; висячие — в отчёт,архив (только чтение),реализовано (этап 03),ok: VtigerArchive.account
Consignment.contactid,field,vtiger_sp_consignment.contactid,Consignment,—,N:1,0,0,(empty):1,VtigerArchive.contact,fk-resolve: число разрешённых ссылок = число в источнике; висячие — в отчёт,пусто — данных нет,предложено,—
Consignment.invoiceid,field,vtiger_sp_consignment.invoiceid,Consignment,Invoice,N:1,1,0,Invoice:1,VtigerArchive.data (vtigerId счёта; связь с Invoice — этап 04.3),fk-resolve: число разрешённых ссылок = число в источнике; висячие — в отчёт,архив (только чтение),реализовано (этап 03),ok: VtigerArchive.data
Consignment.salesorderid,field,vtiger_sp_consignment.salesorderid,Consignment,—,N:1,0,0,(empty):1,VtigerArchive.data,fk-resolve: число разрешённых ссылок = число в источнике; висячие — в отчёт,пусто — данных нет,предложено,—
Contacts.accountid,field,vtiger_contactdetails.accountid,Contacts,Accounts,N:1,234,0,Accounts:234; (empty):107,Contact.account / accounts,fk-resolve: число разрешённых ссылок = число в источнике; висячие — в отчёт,перенос,реализовано (этап 03),ok: Contact.account; Contact.accounts
Contacts.reportsto,field,vtiger_contactdetails.reportsto,Contacts,—,N:1,0,0,(empty):341,— (во всех записях '0'),fk-resolve: число разрешённых ссылок = число в источнике; висячие — в отчёт,пусто — данных нет,предложено,—
Contacts.modifiedby,owner,vtiger_crmentity.modifiedby,Contacts,User,N:1,341,0,user:Active:341,modifiedBy,fk-resolve: число разрешённых ссылок = число в источнике; висячие — в отчёт,перенос,реализовано (этап 03),ok: Contact.modifiedBy
Contacts.smcreatorid,owner,vtiger_crmentity.smcreatorid,Contacts,User,N:1,341,0,user:Active:341,createdBy,fk-resolve: число разрешённых ссылок = число в источнике; висячие — в отчёт,перенос,реализовано (этап 03),ok: Contact.createdBy
Contacts.smownerid,owner,vtiger_crmentity.smownerid,Contacts,Group|User,N:1,341,0,user:Active:340; group:1,assignedUser/teams,fk-resolve: число разрешённых ссылок = число в источнике; висячие — в отчёт,перенос,реализовано (этап 03),ok: Contact.assignedUser; Contact.teams
Documents.modifiedby,owner,vtiger_crmentity.modifiedby,Documents,User,N:1,215,0,user:Active:215,modifiedBy,fk-resolve: число разрешённых ссылок = число в источнике; висячие — в отчёт,перенос,реализовано (этап 03),ok: Document.modifiedBy
Documents.smcreatorid,owner,vtiger_crmentity.smcreatorid,Documents,User,N:1,215,0,user:Active:215,createdBy,fk-resolve: число разрешённых ссылок = число в источнике; висячие — в отчёт,перенос,реализовано (этап 03),ok: Document.createdBy
Documents.smownerid,owner,vtiger_crmentity.smownerid,Documents,User,N:1,215,0,user:Active:215,assignedUser/teams,fk-resolve: число разрешённых ссылок = число в источнике; висячие — в отчёт,перенос,реализовано (этап 03),ok: Document.assignedUser; Document.teams
Emails.modifiedby,owner,vtiger_crmentity.modifiedby,Emails,User,N:1,29,0,user:Active:29,modifiedBy,fk-resolve: число разрешённых ссылок = число в источнике; висячие — в отчёт,перенос,реализовано (этап 03),ok: Email.modifiedBy
Emails.smownerid,owner,vtiger_crmentity.smownerid,Emails,User,N:1,29,0,user:Active:29,assignedUser/teams,fk-resolve: число разрешённых ссылок = число в источнике; висячие — в отчёт,перенос,реализовано (этап 03),ok: Email.assignedUser; Email.teams
Events.invoiceid,field,vtiger_activity.invoiceid,Events,—,N:1,0,0,(empty):52,—,fk-resolve: число разрешённых ссылок = число в источнике; висячие — в отчёт,пусто — данных нет,предложено,—
Events.salesorder_id,field,vtiger_activity.salesorder_id,Events,—,N:1,0,0,(empty):52,—,fk-resolve: число разрешённых ссылок = число в источнике; висячие — в отчёт,пусто — данных нет,предложено,—
Events.timesheet_id,field,vtiger_activity.timesheet_id,Events,—,N:1,0,0,(empty):52,—,fk-resolve: число разрешённых ссылок = число в источнике; висячие — в отчёт,пусто — данных нет,предложено,—
Events.contactid,field,vtiger_cntactivityrel.contactid,Events,Contacts,N:1,6,0,Contacts:6,Call|Meeting.contacts / Task.contact,fk-resolve: число разрешённых ссылок = число в источнике; висячие — в отчёт,перенос,реализовано (этап 03),ok: Call.contacts; Meeting.contacts; Task.contact
Events.modifiedby,owner,vtiger_crmentity.modifiedby,Events,User,N:1,52,0,user:Active:52,modifiedBy,fk-resolve: число разрешённых ссылок = число в источнике; висячие — в отчёт,перенос,реализовано (этап 03),ok: Call.modifiedBy
Events.smcreatorid,owner,vtiger_crmentity.smcreatorid,Events,User,N:1,52,0,user:Active:52,createdBy,fk-resolve: число разрешённых ссылок = число в источнике; висячие — в отчёт,перенос,реализовано (этап 03),ok: Call.createdBy
Events.smownerid,owner,vtiger_crmentity.smownerid,Events,User,N:1,52,0,user:Active:52,assignedUser/teams,fk-resolve: число разрешённых ссылок = число в источнике; висячие — в отчёт,перенос,реализовано (этап 03),ok: Call.assignedUser; Call.teams
Events.crmid,field,vtiger_seactivityrel.crmid,Events,Accounts|Invoice|Leads|Potentials,N:1,48,0,Leads:32; Accounts:9; Potentials:6; Invoice:1,Call|Meeting|Task.parent,fk-resolve: число разрешённых ссылок = число в источнике; висячие — в отчёт,перенос,реализовано (этап 03),ok: Call.parent; Meeting.parent; Task.parent
Faq.modifiedby,owner,vtiger_crmentity.modifiedby,Faq,User,N:1,63,0,user:Active:63,modifiedBy,fk-resolve: число разрешённых ссылок = число в источнике; висячие — в отчёт,перенос,реализовано (этап 03),ok: KnowledgeBaseArticle.modifiedBy
Faq.smcreatorid,owner,vtiger_crmentity.smcreatorid,Faq,User,N:1,63,0,user:Active:63,createdBy,fk-resolve: число разрешённых ссылок = число в источнике; висячие — в отчёт,перенос,реализовано (этап 03),ok: KnowledgeBaseArticle.createdBy
Faq.product_id,field,vtiger_faq.product_id,Faq,—,N:1,0,0,(empty):63,—,fk-resolve: число разрешённых ссылок = число в источнике; висячие — в отчёт,пусто — данных нет,предложено,—
HelpDesk.modifiedby,owner,vtiger_crmentity.modifiedby,HelpDesk,User,N:1,45,0,user:Active:45,modifiedBy,fk-resolve: число разрешённых ссылок = число в источнике; висячие — в отчёт,перенос,реализовано (этап 03),ok: Case.modifiedBy
HelpDesk.smcreatorid,owner,vtiger_crmentity.smcreatorid,HelpDesk,User,N:1,45,0,user:Active:45,createdBy,fk-resolve: число разрешённых ссылок = число в источнике; висячие — в отчёт,перенос,реализовано (этап 03),ok: Case.createdBy
HelpDesk.smownerid,owner,vtiger_crmentity.smownerid,HelpDesk,User,N:1,45,0,user:Active:45,assignedUser/teams,fk-resolve: число разрешённых ссылок = число в источнике; висячие — в отчёт,перенос,реализовано (этап 03),ok: Case.assignedUser; Case.teams
HelpDesk.contact_id,field,vtiger_troubletickets.contact_id,HelpDesk,Contacts,N:1,7,0,(empty):38; Contacts:7,Case.contact,fk-resolve: число разрешённых ссылок = число в источнике; висячие — в отчёт,перенос,реализовано (этап 03),ok: Case.contact
HelpDesk.parent_id,field,vtiger_troubletickets.parent_id,HelpDesk,Accounts,N:1,42,0,Accounts:42; (empty):3,Case.account,fk-resolve: число разрешённых ссылок = число в источнике; висячие — в отчёт,перенос,реализовано (этап 03),ok: Case.account
HelpDesk.product_id,field,vtiger_troubletickets.product_id,HelpDesk,—,N:1,0,0,(empty):45,—,fk-resolve: число разрешённых ссылок = число в источнике; висячие — в отчёт,пусто — данных нет,предложено,—
Invoice.modifiedby,owner,vtiger_crmentity.modifiedby,Invoice,User,N:1,636,0,user:Active:636,modifiedBy,fk-resolve: число разрешённых ссылок = число в источнике; висячие — в отчёт,перенос,контракт (этап 04.1),этап 04.3
Invoice.smcreatorid,owner,vtiger_crmentity.smcreatorid,Invoice,User,N:1,636,0,user:Active:636,createdBy,fk-resolve: число разрешённых ссылок = число в источнике; висячие — в отчёт,перенос,контракт (этап 04.1),этап 04.3
Invoice.smownerid,owner,vtiger_crmentity.smownerid,Invoice,User,N:1,636,0,user:Active:636,assignedUser/teams,fk-resolve: число разрешённых ссылок = число в источнике; висячие — в отчёт,перенос,контракт (этап 04.1),этап 04.3
Invoice.productid,field,vtiger_inventoryproductrel.productid,Invoice,Products|Services,N:1,712,0,Services:709; Products:3,InvoiceItem.product,fk-resolve: число разрешённых ссылок = число в источнике; висячие — в отчёт,перенос,контракт (этап 04.1),этап 04.3
Invoice.accountid,field,vtiger_invoice.accountid,Invoice,Accounts,N:1,636,0,Accounts:636,Invoice.account,fk-resolve: число разрешённых ссылок = число в источнике; висячие — в отчёт,перенос,контракт (этап 04.1),этап 04.3
Invoice.contactid,field,vtiger_invoice.contactid,Invoice,Contacts,N:1,23,0,(empty):613; Contacts:23,Invoice.contact,fk-resolve: число разрешённых ссылок = число в источнике; висячие — в отчёт,перенос,контракт (этап 04.1),этап 04.3
Invoice.potential_id,field,vtiger_invoice.potential_id,Invoice,Potentials,N:1,429,0,Potentials:429; (empty):207,Invoice.opportunity,fk-resolve: число разрешённых ссылок = число в источнике; висячие — в отчёт,перенос,контракт (этап 04.1),этап 04.3
Invoice.salesorderid,field,vtiger_invoice.salesorderid,Invoice,SalesOrder,N:1,27,0,(empty):609; SalesOrder:27,Invoice.salesOrder,fk-resolve: число разрешённых ссылок = число в источнике; висячие — в отчёт,перенос,контракт (этап 04.1),этап 04.3
Invoice.sp_act_id,field,vtiger_invoice.sp_act_id,Invoice,Act,N:1,392,0,Act:392; (empty):244,Invoice.act (belongsTo; обратная Act.invoices hasMany без ограничения 1:1),fk-resolve: число разрешённых ссылок = число в источнике; висячие — в отчёт,перенос,контракт (этап 04.1),этап 04.3
JVmes.smownerid,owner,vtiger_crmentity.smownerid,JVmes,User,N:1,267,0,user:Active:267,assignedUser/teams,fk-resolve: число разрешённых ссылок = число в источнике; висячие — в отчёт,архив (только чтение),реализовано (этап 03),ok: VtigerArchive.assignedUser; VtigerArchive.teams
JVmes.relatedjivo,field,vtiger_jvmes.relatedjivo,JVmes,Jivosite,N:1,267,0,Jivosite:267,VtigerArchive.parentArchive (сообщение → чат),fk-resolve: число разрешённых ссылок = число в источнике; висячие — в отчёт,архив (только чтение),реализовано (этап 03),ok: VtigerArchive.parentArchive
Jivosite.smownerid,owner,vtiger_crmentity.smownerid,Jivosite,User,N:1,49,0,user:Active:49,assignedUser/teams,fk-resolve: число разрешённых ссылок = число в источнике; висячие — в отчёт,архив (только чтение),реализовано (этап 03),ok: VtigerArchive.assignedUser; VtigerArchive.teams
Jivosite.relatedcontact,field,vtiger_jivosite.relatedcontact,Jivosite,—,N:1,0,0,(empty):49,VtigerArchive.contact,fk-resolve: число разрешённых ссылок = число в источнике; висячие — в отчёт,пусто — данных нет,предложено,—
Jivosite.relatedleads,field,vtiger_jivosite.relatedleads,Jivosite,Leads,N:1,37,12,Leads:37; Leads(удалён):12,VtigerArchive.lead,fk-resolve: число разрешённых ссылок = число в источнике; висячие — в отчёт,архив (только чтение),реализовано (этап 03),ok: VtigerArchive.lead
Leads.modifiedby,owner,vtiger_crmentity.modifiedby,Leads,User,N:1,225,0,user:Active:225,modifiedBy,fk-resolve: число разрешённых ссылок = число в источнике; висячие — в отчёт,перенос,реализовано (этап 03),ok: Lead.modifiedBy
Leads.smcreatorid,owner,vtiger_crmentity.smcreatorid,Leads,User,N:1,225,0,user:Active:225,createdBy,fk-resolve: число разрешённых ссылок = число в источнике; висячие — в отчёт,перенос,реализовано (этап 03),ok: Lead.createdBy
Leads.smownerid,owner,vtiger_crmentity.smownerid,Leads,User,N:1,225,0,user:Active:225,assignedUser/teams,fk-resolve: число разрешённых ссылок = число в источнике; висячие — в отчёт,перенос,реализовано (этап 03),ok: Lead.assignedUser; Lead.teams
ModComments.smcreatorid,owner,vtiger_crmentity.smcreatorid,ModComments,User,N:1,156,0,user:Active:156,createdBy,fk-resolve: число разрешённых ссылок = число в источнике; висячие — в отчёт,перенос,реализовано (этап 03),ok: Note.createdBy
ModComments.smownerid,owner,vtiger_crmentity.smownerid,ModComments,User,N:1,78,0,user:Active:78,Note.vtigerData (у Note нет ответственного; автор — createdBy),fk-resolve: число разрешённых ссылок = число в источнике; висячие — в отчёт,перенос,реализовано (этап 03),ok: Note.vtigerData
ModComments.customer,field,vtiger_modcomments.customer,ModComments,Contacts,N:1,1,0,(empty):77; Contacts:1,Note.vtigerData,fk-resolve: число разрешённых ссылок = число в источнике; висячие — в отчёт,перенос,реализовано (этап 03),ok: Note.vtigerData
ModComments.parent_comments,field,vtiger_modcomments.parent_comments,ModComments,—,N:1,0,0,(empty):78,—,fk-resolve: число разрешённых ссылок = число в источнике; висячие — в отчёт,пусто — данных нет,предложено,—
ModComments.related_to,field,vtiger_modcomments.related_to,ModComments,Accounts|Contacts|Faq|HelpDesk|Leads|Potentials|Project|ProjectTask,N:1,78,0,Potentials:15; Leads:14; Project:14; Contacts:11; ProjectTask:11; Accounts:7; Faq:3; HelpDesk:3,Note.parent,fk-resolve: число разрешённых ссылок = число в источнике; висячие — в отчёт,перенос,реализовано (этап 03),ok: Note.parent
ModComments.userid,field,vtiger_modcomments.userid,ModComments,Users,N:1,77,0,user:77; (empty):1,"Note.createdBy (vtiger_users.id, не crmid)",fk-resolve: число разрешённых ссылок = число в источнике; висячие — в отчёт,перенос,реализовано (этап 03),ok: Note.createdBy
Notifications.smownerid,owner,vtiger_crmentity.smownerid,Notifications,User,N:1,1,0,user:Active:1,assignedUser/teams,fk-resolve: число разрешённых ссылок = число в источнике; висячие — в отчёт,исключено вместе с модулем,предложено,—
Notifications.related_to,field,vtiger_notifications.related_to,Notifications,Calendar,N:1,1,0,Calendar:1,—,fk-resolve: число разрешённых ссылок = число в источнике; висячие — в отчёт,исключено вместе с модулем,предложено,—
PBXManager.smcreatorid,owner,vtiger_crmentity.smcreatorid,PBXManager,User,N:1,1116,0,user:Active:1116,createdBy,fk-resolve: число разрешённых ссылок = число в источнике; висячие — в отчёт,перенос,реализовано (этап 03),ok: Call.createdBy
PBXManager.smownerid,owner,vtiger_crmentity.smownerid,PBXManager,User,N:1,1116,0,user:Active:1116,assignedUser/teams,fk-resolve: число разрешённых ссылок = число в источнике; висячие — в отчёт,перенос,реализовано (этап 03),ok: Call.assignedUser; Call.teams
PBXManager.customer,field,vtiger_pbxmanager.customer,PBXManager,Accounts|Contacts|Leads,N:1,13,23,(empty):1080; Contacts(удалён):23; Leads:6; Accounts:4; Contacts:3,Call.parent,fk-resolve: число разрешённых ссылок = число в источнике; висячие — в отчёт,перенос,реализовано (этап 03),ok: Call.parent
PBXManager.user,owner,vtiger_pbxmanager.user,PBXManager,User,N:1,1116,0,user:Active:1116,Call.assignedUser,fk-resolve: число разрешённых ссылок = число в источнике; висячие — в отчёт,перенос,реализовано (этап 03),ok: Call.assignedUser
Potentials.modifiedby,owner,vtiger_crmentity.modifiedby,Potentials,User,N:1,156,0,user:Active:156,modifiedBy,fk-resolve: число разрешённых ссылок = число в источнике; висячие — в отчёт,перенос,реализовано (этап 03),ok: Opportunity.modifiedBy
Potentials.smcreatorid,owner,vtiger_crmentity.smcreatorid,Potentials,User,N:1,156,0,user:Active:156,createdBy,fk-resolve: число разрешённых ссылок = число в источнике; висячие — в отчёт,перенос,реализовано (этап 03),ok: Opportunity.createdBy
Potentials.smownerid,owner,vtiger_crmentity.smownerid,Potentials,Group|User,N:1,156,0,user:Active:155; group:1,assignedUser/teams,fk-resolve: число разрешённых ссылок = число в источнике; висячие — в отчёт,перенос,реализовано (этап 03),ok: Opportunity.assignedUser; Opportunity.teams
Potentials.campaignid,field,vtiger_potential.campaignid,Potentials,—,N:1,0,0,(empty):156,Opportunity.campaign,fk-resolve: число разрешённых ссылок = число в источнике; висячие — в отчёт,пусто — данных нет,предложено,—
Potentials.contact_id,field,vtiger_potential.contact_id,Potentials,Contacts,N:1,47,0,(empty):109; Contacts:47,Opportunity.contacts (primary),fk-resolve: число разрешённых ссылок = число в источнике; висячие — в отчёт,перенос,реализовано (этап 03),ok: Opportunity.contacts
Potentials.related_to,field,vtiger_potential.related_to,Potentials,Accounts,N:1,146,0,Accounts:146; (empty):10,Opportunity.account (belongsTo),fk-resolve: число разрешённых ссылок = число в источнике; висячие — в отчёт,перенос,реализовано (этап 03),ok: Opportunity.account
Products.modifiedby,owner,vtiger_crmentity.modifiedby,Products,User,N:1,3,0,user:Active:3,modifiedBy,fk-resolve: число разрешённых ссылок = число в источнике; висячие — в отчёт,перенос,реализовано (этап 03),ok: Product.modifiedBy
Products.smcreatorid,owner,vtiger_crmentity.smcreatorid,Products,User,N:1,3,0,user:Active:3,createdBy,fk-resolve: число разрешённых ссылок = число в источнике; висячие — в отчёт,перенос,реализовано (этап 03),ok: Product.createdBy
Products.smownerid,owner,vtiger_crmentity.smownerid,Products,User,N:1,3,0,user:Active:3,assignedUser/teams,fk-resolve: число разрешённых ссылок = число в источнике; висячие — в отчёт,перенос,реализовано (этап 03),ok: Product.assignedUser; Product.teams
Products.vendor_id,field,vtiger_products.vendor_id,Products,—,N:1,0,0,(empty):3,Product.vendor,fk-resolve: число разрешённых ссылок = число в источнике; висячие — в отчёт,пусто — данных нет,предложено,—
Project.modifiedby,owner,vtiger_crmentity.modifiedby,Project,User,N:1,54,0,user:Active:54,modifiedBy,fk-resolve: число разрешённых ссылок = число в источнике; висячие — в отчёт,перенос,реализовано (этап 03),ok: Project.modifiedBy
Project.smcreatorid,owner,vtiger_crmentity.smcreatorid,Project,User,N:1,54,0,user:Active:54,createdBy,fk-resolve: число разрешённых ссылок = число в источнике; висячие — в отчёт,перенос,реализовано (этап 03),ok: Project.createdBy
Project.smownerid,owner,vtiger_crmentity.smownerid,Project,Group|User,N:1,54,0,user:Active:53; group:1,assignedUser/teams,fk-resolve: число разрешённых ссылок = число в источнике; висячие — в отчёт,перенос,реализовано (этап 03),ok: Project.assignedUser; Project.teams
Project.linktoaccountscontacts,field,vtiger_project.linktoaccountscontacts,Project,Accounts,N:1,53,0,Accounts:53; (empty):1,Project.account,fk-resolve: число разрешённых ссылок = число в источнике; висячие — в отчёт,перенос,реализовано (этап 03),ok: Project.account
Project.potentialid,field,vtiger_project.potentialid,Project,Potentials,N:1,36,0,Potentials:36; (empty):18,Project.opportunity,fk-resolve: число разрешённых ссылок = число в источнике; висячие — в отчёт,перенос,реализовано (этап 03),ok: Project.opportunity
ProjectTask.modifiedby,owner,vtiger_crmentity.modifiedby,ProjectTask,User,N:1,493,0,user:Active:493,modifiedBy,fk-resolve: число разрешённых ссылок = число в источнике; висячие — в отчёт,перенос,реализовано (этап 03),ok: ProjectTask.modifiedBy
ProjectTask.smcreatorid,owner,vtiger_crmentity.smcreatorid,ProjectTask,User,N:1,493,0,user:Active:493,createdBy,fk-resolve: число разрешённых ссылок = число в источнике; висячие — в отчёт,перенос,реализовано (этап 03),ok: ProjectTask.createdBy
ProjectTask.smownerid,owner,vtiger_crmentity.smownerid,ProjectTask,Group|User,N:1,493,0,user:Active:490; group:3,assignedUser/teams,fk-resolve: число разрешённых ссылок = число в источнике; висячие — в отчёт,перенос,реализовано (этап 03),ok: ProjectTask.assignedUser; ProjectTask.teams
ProjectTask.projectid,field,vtiger_projecttask.projectid,ProjectTask,Project,N:1,493,0,Project:493,ProjectTask.project,fk-resolve: число разрешённых ссылок = число в источнике; висячие — в отчёт,перенос,реализовано (этап 03),ok: ProjectTask.project
Quotes.modifiedby,owner,vtiger_crmentity.modifiedby,Quotes,User,N:1,24,0,user:Active:24,modifiedBy,fk-resolve: число разрешённых ссылок = число в источнике; висячие — в отчёт,перенос,реализовано (этап 04.2),ok: Quote.modifiedBy
Quotes.smcreatorid,owner,vtiger_crmentity.smcreatorid,Quotes,User,N:1,24,0,user:Active:24,createdBy,fk-resolve: число разрешённых ссылок = число в источнике; висячие — в отчёт,перенос,реализовано (этап 04.2),ok: Quote.createdBy
Quotes.smownerid,owner,vtiger_crmentity.smownerid,Quotes,User,N:1,24,0,user:Active:24,assignedUser/teams,fk-resolve: число разрешённых ссылок = число в источнике; висячие — в отчёт,перенос,реализовано (этап 04.2),ok: Quote.assignedUser; Quote.teams
Quotes.productid,field,vtiger_inventoryproductrel.productid,Quotes,Services,N:1,27,0,Services:27,QuoteItem.product,fk-resolve: число разрешённых ссылок = число в источнике; висячие — в отчёт,перенос,реализовано (этап 04.2),ok: QuoteItem.product
Quotes.accountid,field,vtiger_quotes.accountid,Quotes,Accounts,N:1,24,0,Accounts:24,Quote.account,fk-resolve: число разрешённых ссылок = число в источнике; висячие — в отчёт,перенос,реализовано (этап 04.2),ok: Quote.account
Quotes.contactid,field,vtiger_quotes.contactid,Quotes,Contacts,N:1,6,0,(empty):18; Contacts:6,Quote.contact,fk-resolve: число разрешённых ссылок = число в источнике; висячие — в отчёт,перенос,реализовано (этап 04.2),ok: Quote.contact
Quotes.inventorymanager,owner,vtiger_quotes.inventorymanager,Quotes,User,N:1,23,0,user:Active:23; (empty):1,Quote.inventoryManager (User),fk-resolve: число разрешённых ссылок = число в источнике; висячие — в отчёт,перенос,реализовано (этап 04.2),ok: Quote.inventoryManager
Quotes.potentialid,field,vtiger_quotes.potentialid,Quotes,Potentials,N:1,24,0,Potentials:24,Quote.opportunity,fk-resolve: число разрешённых ссылок = число в источнике; висячие — в отчёт,перенос,реализовано (этап 04.2),ok: Quote.opportunity
SPCallPopup.modifiedby,owner,vtiger_crmentity.modifiedby,SPCallPopup,User,N:1,210,0,user:Active:210,modifiedBy,fk-resolve: число разрешённых ссылок = число в источнике; висячие — в отчёт,перенос,реализовано (этап 03),ok: Call.modifiedBy
SPCallPopup.smcreatorid,owner,vtiger_crmentity.smcreatorid,SPCallPopup,User,N:1,210,0,user:Active:210,createdBy,fk-resolve: число разрешённых ссылок = число в источнике; висячие — в отчёт,перенос,реализовано (этап 03),ok: Call.createdBy
SPCallPopup.smownerid,owner,vtiger_crmentity.smownerid,SPCallPopup,User,N:1,210,0,user:Active:210,assignedUser/teams,fk-resolve: число разрешённых ссылок = число в источнике; висячие — в отчёт,перенос,реализовано (этап 03),ok: Call.assignedUser; Call.teams
SPCallPopup.callid,field,vtiger_sp_callpopup.callid,SPCallPopup,PBXManager,N:1,210,0,PBXManager:210,слияние в Call (1:1),fk-resolve: число разрешённых ссылок = число в источнике; висячие — в отчёт,перенос,предложено,слияние SPCallPopup → Call (поля Call.description / vtigerData)
SPPayments.payer,field,sp_payments.payer,SPPayments,Accounts|Contacts|Vendors,N:1,755,0,Accounts:725; (empty):43; Vendors:25; Contacts:5,Payment.payer (Account|Contact|Vendor),fk-resolve: число разрешённых ссылок = число в источнике; висячие — в отчёт,перенос,контракт (этап 04.1),этап 04.4
SPPayments.related_to,field,sp_payments.related_to,SPPayments,Invoice|SalesOrder,N:1,622,0,Invoice:615; (empty):176; SalesOrder:7,PaymentAllocation.invoice | PaymentAllocation.salesOrder,fk-resolve: число разрешённых ссылок = число в источнике; висячие — в отчёт,перенос,контракт (этап 04.1),этап 04.4
SPPayments.modifiedby,owner,vtiger_crmentity.modifiedby,SPPayments,User,N:1,798,0,user:Active:798,modifiedBy,fk-resolve: число разрешённых ссылок = число в источнике; висячие — в отчёт,перенос,контракт (этап 04.1),этап 04.4
SPPayments.smcreatorid,owner,vtiger_crmentity.smcreatorid,SPPayments,User,N:1,798,0,user:Active:798,createdBy,fk-resolve: число разрешённых ссылок = число в источнике; висячие — в отчёт,перенос,контракт (этап 04.1),этап 04.4
SPPayments.smownerid,owner,vtiger_crmentity.smownerid,SPPayments,User,N:1,798,0,user:Active:798,assignedUser/teams,fk-resolve: число разрешённых ссылок = число в источнике; висячие — в отчёт,перенос,контракт (этап 04.1),этап 04.4
SalesOrder.modifiedby,owner,vtiger_crmentity.modifiedby,SalesOrder,User,N:1,14,0,user:Active:14,modifiedBy,fk-resolve: число разрешённых ссылок = число в источнике; висячие — в отчёт,перенос,реализовано (этап 04.2),ok: SalesOrder.modifiedBy
SalesOrder.smcreatorid,owner,vtiger_crmentity.smcreatorid,SalesOrder,User,N:1,14,0,user:Active:14,createdBy,fk-resolve: число разрешённых ссылок = число в источнике; висячие — в отчёт,перенос,реализовано (этап 04.2),ok: SalesOrder.createdBy
SalesOrder.smownerid,owner,vtiger_crmentity.smownerid,SalesOrder,User,N:1,14,0,user:Active:14,assignedUser/teams,fk-resolve: число разрешённых ссылок = число в источнике; висячие — в отчёт,перенос,реализовано (этап 04.2),ok: SalesOrder.assignedUser; SalesOrder.teams
SalesOrder.productid,field,vtiger_inventoryproductrel.productid,SalesOrder,Services,N:1,14,0,Services:14,SalesOrderItem.product,fk-resolve: число разрешённых ссылок = число в источнике; висячие — в отчёт,перенос,реализовано (этап 04.2),ok: SalesOrderItem.product
SalesOrder.accountid,field,vtiger_salesorder.accountid,SalesOrder,Accounts,N:1,14,0,Accounts:14,SalesOrder.account,fk-resolve: число разрешённых ссылок = число в источнике; висячие — в отчёт,перенос,реализовано (этап 04.2),ok: SalesOrder.account
SalesOrder.contactid,field,vtiger_salesorder.contactid,SalesOrder,Contacts,N:1,8,0,Contacts:8; (empty):6,SalesOrder.contact,fk-resolve: число разрешённых ссылок = число в источнике; висячие — в отчёт,перенос,реализовано (этап 04.2),ok: SalesOrder.contact
SalesOrder.potentialid,field,vtiger_salesorder.potentialid,SalesOrder,Potentials,N:1,12,0,Potentials:12; (empty):2,SalesOrder.opportunity,fk-resolve: число разрешённых ссылок = число в источнике; висячие — в отчёт,перенос,реализовано (этап 04.2),ok: SalesOrder.opportunity
SalesOrder.quoteid,field,vtiger_salesorder.quoteid,SalesOrder,—,N:1,0,0,(empty):14,SalesOrder.quote,fk-resolve: число разрешённых ссылок = число в источнике; висячие — в отчёт,пусто — данных нет,реализовано (этап 04.2),пусто в источнике; ok: SalesOrder.quote
ServiceContracts.modifiedby,owner,vtiger_crmentity.modifiedby,ServiceContracts,User,N:1,1,0,user:Active:1,modifiedBy,fk-resolve: число разрешённых ссылок = число в источнике; висячие — в отчёт,архив (только чтение),реализовано (этап 03),ok: VtigerArchive.modifiedBy
ServiceContracts.smcreatorid,owner,vtiger_crmentity.smcreatorid,ServiceContracts,User,N:1,1,0,user:Active:1,createdBy,fk-resolve: число разрешённых ссылок = число в источнике; висячие — в отчёт,архив (только чтение),реализовано (этап 03),ok: VtigerArchive.createdBy
ServiceContracts.smownerid,owner,vtiger_crmentity.smownerid,ServiceContracts,User,N:1,1,0,user:Active:1,assignedUser/teams,fk-resolve: число разрешённых ссылок = число в источнике; висячие — в отчёт,архив (только чтение),реализовано (этап 03),ok: VtigerArchive.assignedUser; VtigerArchive.teams
ServiceContracts.sc_related_to,field,vtiger_servicecontracts.sc_related_to,ServiceContracts,Accounts,N:1,1,0,Accounts:1,VtigerArchive.account,fk-resolve: число разрешённых ссылок = число в источнике; висячие — в отчёт,архив (только чтение),реализовано (этап 03),ok: VtigerArchive.account
Services.modifiedby,owner,vtiger_crmentity.modifiedby,Services,User,N:1,25,0,user:Active:25,modifiedBy,fk-resolve: число разрешённых ссылок = число в источнике; висячие — в отчёт,перенос,реализовано (этап 03),ok: Product.modifiedBy
Services.smcreatorid,owner,vtiger_crmentity.smcreatorid,Services,User,N:1,25,0,user:Active:25,createdBy,fk-resolve: число разрешённых ссылок = число в источнике; висячие — в отчёт,перенос,реализовано (этап 03),ok: Product.createdBy
Services.smownerid,owner,vtiger_crmentity.smownerid,Services,User,N:1,25,0,user:Active:25,assignedUser/teams,fk-resolve: число разрешённых ссылок = число в источнике; висячие — в отчёт,перенос,реализовано (этап 03),ok: Product.assignedUser; Product.teams
VTEItems.productid,field,vtiger_vteitems.productid,VTEItems,Services,N:1,286,0,Services:286,— (исключено вместе с VTEItems),fk-resolve: число разрешённых ссылок = число в источнике; висячие — в отчёт,исключено вместе с модулем,предложено,—
VTEItems.related_to,field,vtiger_vteitems.related_to,VTEItems,Invoice|Quotes|SalesOrder,N:1,286,0,Invoice:246; Quotes:27; SalesOrder:13,— (исключено вместе с VTEItems),fk-resolve: число разрешённых ссылок = число в источнике; висячие — в отчёт,исключено вместе с модулем,предложено,—
Vendors.modifiedby,owner,vtiger_crmentity.modifiedby,Vendors,User,N:1,3,0,user:Active:3,modifiedBy,fk-resolve: число разрешённых ссылок = число в источнике; висячие — в отчёт,перенос,реализовано (этап 03),ok: Vendor.modifiedBy
Vendors.smcreatorid,owner,vtiger_crmentity.smcreatorid,Vendors,User,N:1,3,0,user:Active:3,createdBy,fk-resolve: число разрешённых ссылок = число в источнике; висячие — в отчёт,перенос,реализовано (этап 03),ok: Vendor.createdBy
Vendors.smownerid,owner,vtiger_crmentity.smownerid,Vendors,User,N:1,3,0,user:Active:3,assignedUser/teams,fk-resolve: число разрешённых ссылок = число в источнике; висячие — в отчёт,перенос,реализовано (этап 03),ok: Vendor.assignedUser; Vendor.teams
Calendar.contactid,field,vtiger_cntactivityrel.contactid,Calendar,—,N:1,0,0,(нет строк у живых записей модуля),Task.contact,fk-resolve,пусто — данных нет,предложено,—
crmentityrel:Accounts->Calendar,m2m,vtiger_crmentityrel,Accounts,Calendar,"M:N (max 7 на источник, 1 на цель)",22,0,,Task|Call|Meeting.parent,count: пары live/live; дубли с полями-ссылками схлопываются,перенос,реализовано (этап 03),ok: Task.parent; Call.parent; Meeting.parent
crmentityrel:Accounts->Contacts,m2m,vtiger_crmentityrel,Accounts,Contacts,"M:N (max 2 на источник, 1 на цель)",20,0,,Account.contacts (M:N accountContact),count: пары live/live; дубли с полями-ссылками схлопываются,перенос,реализовано (этап 03),ok: Account.contacts
crmentityrel:Accounts->HelpDesk,m2m,vtiger_crmentityrel,Accounts,HelpDesk,"M:N (max 2 на источник, 1 на цель)",3,0,,Case.account,count: пары live/live; дубли с полями-ссылками схлопываются,перенос,реализовано (этап 03),ok: Case.account
crmentityrel:Accounts->Invoice,m2m,vtiger_crmentityrel,Accounts,Invoice,"M:N (max 78 на источник, 1 на цель)",443,0,,Invoice.account (дублирует поле accountid),count: пары live/live; дубли с полями-ссылками схлопываются,перенос,контракт (этап 04.1),этап 04.3
crmentityrel:Accounts->Potentials,m2m,vtiger_crmentityrel,Accounts,Potentials,"M:N (max 4 на источник, 1 на цель)",63,0,,Opportunity.account (дублирует related_to),count: пары live/live; дубли с полями-ссылками схлопываются,перенос,реализовано (этап 03),ok: Opportunity.account
crmentityrel:Accounts->Project,m2m,vtiger_crmentityrel,Accounts,Project,"M:N (max 2 на источник, 1 на цель)",3,0,,Project.account,count: пары live/live; дубли с полями-ссылками схлопываются,перенос,реализовано (этап 03),ok: Project.account
crmentityrel:Accounts->SPPayments,m2m,vtiger_crmentityrel,Accounts,SPPayments,"M:N (max 38 на источник, 1 на цель)",180,0,,Payment.payer (дублирует поле payer),count: пары live/live; дубли с полями-ссылками схлопываются,перенос,контракт (этап 04.1),этап 04.4
crmentityrel:Contacts->Calendar,m2m,vtiger_crmentityrel,Contacts,Calendar,"M:N (max 3 на источник, 1 на цель)",3,0,,Task|Call|Meeting.parent / Call|Meeting.contacts / Task.contact,count: пары live/live; дубли с полями-ссылками схлопываются,перенос,реализовано (этап 03),ok: Task.parent; Call.parent; Meeting.parent; Call.contacts; Meeting.contacts; Task.contact
crmentityrel:Contacts->Emails,m2m,vtiger_crmentityrel,Contacts,Emails,"M:N (max 1 на источник, 1 на цель)",1,0,,Email.parent,count: пары live/live; дубли с полями-ссылками схлопываются,перенос,реализовано (этап 03),ok: Email.parent
crmentityrel:Contacts->HelpDesk,m2m,vtiger_crmentityrel,Contacts,HelpDesk,"M:N (max 3 на источник, 1 на цель)",3,0,,Case.contacts,count: пары live/live; дубли с полями-ссылками схлопываются,перенос,реализовано (этап 03),ok: Case.contacts
crmentityrel:Contacts->Invoice,m2m,vtiger_crmentityrel,Contacts,Invoice,"M:N (max 2 на источник, 1 на цель)",2,0,,Invoice.contact,count: пары live/live; дубли с полями-ссылками схлопываются,перенос,контракт (этап 04.1),этап 04.3
crmentityrel:Contacts->Jivosite,m2m,vtiger_crmentityrel,Contacts,Jivosite,"M:N (max 1 на источник, 1 на цель)",1,0,,VtigerArchive.contact,count: пары live/live; дубли с полями-ссылками схлопываются,перенос,реализовано (этап 03),ok: VtigerArchive.contact
crmentityrel:Contacts->PBXManager,m2m,vtiger_crmentityrel,Contacts,PBXManager,"M:N (max 1 на источник, 1 на цель)",1,0,,Call.parent / Call.contacts,count: пары live/live; дубли с полями-ссылками схлопываются,перенос,реализовано (этап 03),ok: Call.parent; Call.contacts
crmentityrel:Contacts->SPCallPopup,m2m,vtiger_crmentityrel,Contacts,SPCallPopup,"M:N (max 1 на источник, 1 на цель)",1,0,,слияние в Call,count: пары live/live; дубли с полями-ссылками схлопываются,слияние,предложено,слияние SPCallPopup → Call (поля Call.description / vtigerData)
crmentityrel:Contacts->SPPayments,m2m,vtiger_crmentityrel,Contacts,SPPayments,"M:N (max 2 на источник, 1 на цель)",5,0,,Payment.payer,count: пары live/live; дубли с полями-ссылками схлопываются,перенос,контракт (этап 04.1),этап 04.4
crmentityrel:HelpDesk->Emails,m2m,vtiger_crmentityrel,HelpDesk,Emails,M:N,0,105,,Email.parent (все письма удалены),count: пары live/live; дубли с полями-ссылками схлопываются,исключено: только удалённые записи,предложено,—
crmentityrel:Invoice->Calendar,m2m,vtiger_crmentityrel,Invoice,Calendar,"M:N (max 1 на источник, 1 на цель)",1,0,,Task|Call|Meeting.parent (родитель Invoice — этап 04.3),count: пары live/live; дубли с полями-ссылками схлопываются,перенос,контракт (этап 04.1),этап 04.3
crmentityrel:Invoice->Consignment,m2m,vtiger_crmentityrel,Invoice,Consignment,"M:N (max 1 на источник, 1 на цель)",1,0,,VtigerArchive.data (связь с Invoice — этап 04.3),count: пары live/live; дубли с полями-ссылками схлопываются,перенос,контракт (этап 04.1),этап 04.3
crmentityrel:Invoice->SPPayments,m2m,vtiger_crmentityrel,Invoice,SPPayments,"M:N (max 37 на источник, 1 на цель)",519,133,,PaymentAllocation (объединение с related_to),count: пары live/live; дубли с полями-ссылками схлопываются,перенос,контракт (этап 04.1),этап 04.3
crmentityrel:Leads->Calendar,m2m,vtiger_crmentityrel,Leads,Calendar,"M:N (max 4 на источник, 1 на цель)",38,0,,Task|Call|Meeting.parent,count: пары live/live; дубли с полями-ссылками схлопываются,перенос,реализовано (этап 03),ok: Task.parent; Call.parent; Meeting.parent
crmentityrel:Leads->Emails,m2m,vtiger_crmentityrel,Leads,Emails,"M:N (max 1 на источник, 1 на цель)",1,0,,Email.parent,count: пары live/live; дубли с полями-ссылками схлопываются,перенос,реализовано (этап 03),ok: Email.parent
crmentityrel:Leads->Jivosite,m2m,vtiger_crmentityrel,Leads,Jivosite,"M:N (max 2 на источник, 1 на цель)",37,15,,VtigerArchive.lead,count: пары live/live; дубли с полями-ссылками схлопываются,перенос,реализовано (этап 03),ok: VtigerArchive.lead
crmentityrel:Leads->PBXManager,m2m,vtiger_crmentityrel,Leads,PBXManager,"M:N (max 1 на источник, 1 на цель)",2,0,,Call.parent / Call.leads,count: пары live/live; дубли с полями-ссылками схлопываются,перенос,реализовано (этап 03),ok: Call.parent; Call.leads
crmentityrel:Leads->SPCallPopup,m2m,vtiger_crmentityrel,Leads,SPCallPopup,"M:N (max 1 на источник, 1 на цель)",2,0,,слияние в Call,count: пары live/live; дубли с полями-ссылками схлопываются,слияние,предложено,слияние SPCallPopup → Call (поля Call.description / vtigerData)
crmentityrel:PBXManager->SPCallPopup,m2m,vtiger_crmentityrel,PBXManager,SPCallPopup,"M:N (max 1 на источник, 1 на цель)",210,0,,слияние в Call (1:1),count: пары live/live; дубли с полями-ссылками схлопываются,слияние,предложено,слияние SPCallPopup → Call (поля Call.description / vtigerData)
crmentityrel:Potentials->Calendar,m2m,vtiger_crmentityrel,Potentials,Calendar,"M:N (max 5 на источник, 1 на цель)",24,0,,Task|Call|Meeting.parent,count: пары live/live; дубли с полями-ссылками схлопываются,перенос,реализовано (этап 03),ok: Task.parent; Call.parent; Meeting.parent
crmentityrel:Potentials->Emails,m2m,vtiger_crmentityrel,Potentials,Emails,"M:N (max 1 на источник, 1 на цель)",23,46,,Email.parent,count: пары live/live; дубли с полями-ссылками схлопываются,перенос,реализовано (этап 03),ok: Email.parent
crmentityrel:Potentials->Invoice,m2m,vtiger_crmentityrel,Potentials,Invoice,"M:N (max 3 на источник, 1 на цель)",20,2,,Invoice.opportunity,count: пары live/live; дубли с полями-ссылками схлопываются,перенос,контракт (этап 04.1),этап 04.3
crmentityrel:Potentials->Quotes,m2m,vtiger_crmentityrel,Potentials,Quotes,"M:N (max 1 на источник, 1 на цель)",1,0,,Quote.opportunity,count: пары live/live; дубли с полями-ссылками схлопываются,перенос,реализовано (этап 04.2),ok: Quote.opportunity
crmentityrel:Potentials->Services,m2m,vtiger_crmentityrel,Potentials,Services,"M:N (max 1 на источник, 1 на цель)",3,0,,Opportunity.cProducts (M:N),count: пары live/live; дубли с полями-ссылками схлопываются,перенос,реализовано (этап 03),ok: Opportunity.cProducts
crmentityrel:Project->HelpDesk,m2m,vtiger_crmentityrel,Project,HelpDesk,M:N,0,1,,Project.cases (M:N),count: пары live/live; дубли с полями-ссылками схлопываются,исключено: только удалённые записи,предложено,—
crmentityrel:Project->ProjectTask,m2m,vtiger_crmentityrel,Project,ProjectTask,"M:N (max 28 на источник, 1 на цель)",486,0,,ProjectTask.project (дублирует projectid),count: пары live/live; дубли с полями-ссылками схлопываются,перенос,реализовано (этап 03),ok: ProjectTask.project
crmentityrel:SPCallPopup->Contacts,m2m,vtiger_crmentityrel,SPCallPopup,Contacts,"M:N (max 1 на источник, 1 на цель)",1,0,,слияние в Call,count: пары live/live; дубли с полями-ссылками схлопываются,слияние,предложено,слияние SPCallPopup → Call (поля Call.description / vtigerData)
crmentityrel:SPCallPopup->Leads,m2m,vtiger_crmentityrel,SPCallPopup,Leads,"M:N (max 1 на источник, 1 на цель)",2,0,,слияние в Call,count: пары live/live; дубли с полями-ссылками схлопываются,слияние,предложено,слияние SPCallPopup → Call (поля Call.description / vtigerData)
crmentityrel:SPCallPopup->PBXManager,m2m,vtiger_crmentityrel,SPCallPopup,PBXManager,"M:N (max 1 на источник, 1 на цель)",210,0,,слияние в Call (1:1),count: пары live/live; дубли с полями-ссылками схлопываются,слияние,предложено,слияние SPCallPopup → Call (поля Call.description / vtigerData)
crmentityrel:Vendors->SPPayments,m2m,vtiger_crmentityrel,Vendors,SPPayments,"M:N (max 24 на источник, 1 на цель)",23,21,,Payment.payer (Vendor),count: пары live/live; дубли с полями-ссылками схлопываются,перенос,контракт (этап 04.1),этап 04.4
seactivityrel:Accounts->Call,m2m,vtiger_seactivityrel,Accounts,activity:Call,N:1 (max 1 родитель на активность),2,0,,Call.parent,count,перенос,реализовано (этап 03),ok: Call.parent
seactivityrel:Accounts->Meeting,m2m,vtiger_seactivityrel,Accounts,activity:Meeting,N:1 (max 1 родитель на активность),3,0,,Meeting.parent,count,перенос,реализовано (этап 03),ok: Meeting.parent
seactivityrel:Accounts->Task,m2m,vtiger_seactivityrel,Accounts,activity:Task,N:1 (max 1 родитель на активность),14,0,,Task.parent,count,перенос,реализовано (этап 03),ok: Task.parent
seactivityrel:Accounts->Письмо,m2m,vtiger_seactivityrel,Accounts,activity:Письмо,N:1 (max 1 родитель на активность),4,0,,Task.parent (вид «Письмо»),count,перенос,реализовано (этап 03),ok: Task.parent
seactivityrel:Contacts->Emails,m2m,vtiger_seactivityrel,Contacts,activity:Emails,N:1 (max 1 родитель на активность),1,0,,Email.parent,count,перенос,реализовано (этап 03),ok: Email.parent
seactivityrel:HelpDesk->Emails,m2m,vtiger_seactivityrel,HelpDesk,activity:Emails,N:1 (max 1 родитель на активность),0,105,,Email.parent,count,исключено: только удалённые,предложено,—
seactivityrel:Invoice->Письмо,m2m,vtiger_seactivityrel,Invoice,activity:Письмо,N:1 (max 1 родитель на активность),1,0,,Task.parent (вид «Письмо»),count,перенос,контракт (этап 04.1),этап 04.3
seactivityrel:Leads->Call,m2m,vtiger_seactivityrel,Leads,activity:Call,N:1 (max 1 родитель на активность),12,0,,Call.parent,count,перенос,реализовано (этап 03),ok: Call.parent
seactivityrel:Leads->Emails,m2m,vtiger_seactivityrel,Leads,activity:Emails,N:1 (max 1 родитель на активность),1,0,,Email.parent,count,перенос,реализовано (этап 03),ok: Email.parent
seactivityrel:Leads->Meeting,m2m,vtiger_seactivityrel,Leads,activity:Meeting,N:1 (max 1 родитель на активность),1,0,,Meeting.parent,count,перенос,реализовано (этап 03),ok: Meeting.parent
seactivityrel:Leads->Письмо,m2m,vtiger_seactivityrel,Leads,activity:Письмо,N:1 (max 1 родитель на активность),19,0,,Task.parent (вид «Письмо»),count,перенос,реализовано (этап 03),ok: Task.parent
seactivityrel:Potentials->Emails,m2m,vtiger_seactivityrel,Potentials,activity:Emails,N:1 (max 1 родитель на активность),27,46,,Email.parent,count,перенос,реализовано (этап 03),ok: Email.parent
seactivityrel:Potentials->Meeting,m2m,vtiger_seactivityrel,Potentials,activity:Meeting,N:1 (max 1 родитель на активность),3,0,,Meeting.parent,count,перенос,реализовано (этап 03),ok: Meeting.parent
seactivityrel:Potentials->Task,m2m,vtiger_seactivityrel,Potentials,activity:Task,N:1 (max 1 родитель на активность),18,0,,Task.parent,count,перенос,реализовано (этап 03),ok: Task.parent
seactivityrel:Potentials->Письмо,m2m,vtiger_seactivityrel,Potentials,activity:Письмо,N:1 (max 1 родитель на активность),3,0,,Task.parent (вид «Письмо»),count,перенос,реализовано (этап 03),ok: Task.parent
cntactivityrel:Contacts->Meeting,m2m,vtiger_cntactivityrel,Contacts,activity:Meeting,M:N,2,0,,Meeting.contacts,count,перенос,реализовано (этап 03),ok: Meeting.contacts
cntactivityrel:Contacts->Письмо,m2m,vtiger_cntactivityrel,Contacts,activity:Письмо,M:N,3,0,,Task.contact (вид «Письмо»),count,перенос,реализовано (этап 03),ok: Task.contact
cntactivityrel:Contacts->Call,m2m,vtiger_cntactivityrel,Contacts,activity:Call,M:N,1,0,,Call.contacts,count,перенос,реализовано (этап 03),ok: Call.contacts
salesmanactivityrel:Users->Call,m2m,vtiger_salesmanactivityrel,Users,activity:Call,M:N,17,0,,Call.users (приглашённые),count,перенос,реализовано (этап 03),ok: Call.users
salesmanactivityrel:Users->Meeting,m2m,vtiger_salesmanactivityrel,Users,activity:Meeting,M:N,7,100,,Meeting.users (приглашённые),count,перенос,реализовано (этап 03),ok: Meeting.users
salesmanactivityrel:Users->Task,m2m,vtiger_salesmanactivityrel,Users,activity:Task,M:N,34,0,,Task.collaborators (участники),count,перенос,реализовано (этап 03),ok: Task.collaborators
salesmanactivityrel:Users->Письмо,m2m,vtiger_salesmanactivityrel,Users,activity:Письмо,M:N,28,0,,Task.collaborators (участники),count,перенос,реализовано (этап 03),ok: Task.collaborators
senotesrel:Accounts->Documents,m2m,vtiger_senotesrel,Accounts,Documents,"M:N (max 2 док. на запись, 2 записей на док.)",6,0,,Account.documents (M:N с Document),count,перенос,реализовано (этап 03),ok: Account.documents
senotesrel:Act->Documents,m2m,vtiger_senotesrel,Act,Documents,"M:N (max 2 док. на запись, 1 записей на док.)",42,0,,Act.documents (M:N с Document),count,перенос,контракт (этап 04.1),этап 04.5
senotesrel:Consignment->Documents,m2m,vtiger_senotesrel,Consignment,Documents,"M:N (max 2 док. на запись, 1 записей на док.)",2,0,,VtigerArchive.documents (M:N с Document),count,перенос,реализовано (этап 03),ok: VtigerArchive.documents
senotesrel:Contacts->Documents,m2m,vtiger_senotesrel,Contacts,Documents,"M:N (max 2 док. на запись, 3 записей на док.)",3,0,,Contact.documents (M:N с Document),count,перенос,реализовано (этап 03),ok: Contact.documents
senotesrel:Faq->Documents,m2m,vtiger_senotesrel,Faq,Documents,"M:N (max 1 док. на запись, 1 записей на док.)",3,0,,KnowledgeBaseArticle.cDocuments (M:N с Document),count,перенос,реализовано (этап 03),ok: KnowledgeBaseArticle.cDocuments
senotesrel:HelpDesk->Documents,m2m,vtiger_senotesrel,HelpDesk,Documents,"M:N (max 3 док. на запись, 3 записей на док.)",4,0,,Case.cDocuments (M:N с Document),count,перенос,реализовано (этап 03),ok: Case.cDocuments
senotesrel:Invoice->Documents,m2m,vtiger_senotesrel,Invoice,Documents,"M:N (max 1 док. на запись, 3 записей на док.)",72,0,,Invoice.documents (M:N с Document),count,перенос,контракт (этап 04.1),этап 04.3
senotesrel:Leads->Documents,m2m,vtiger_senotesrel,Leads,Documents,"M:N (max 2 док. на запись, 2 записей на док.)",5,0,,Lead.documents (M:N с Document),count,перенос,реализовано (этап 03),ok: Lead.documents
senotesrel:Potentials->Documents,m2m,vtiger_senotesrel,Potentials,Documents,"M:N (max 4 док. на запись, 3 записей на док.)",40,0,,Opportunity.documents (M:N с Document),count,перенос,реализовано (этап 03),ok: Opportunity.documents
senotesrel:Project->Documents,m2m,vtiger_senotesrel,Project,Documents,"M:N (max 2 док. на запись, 3 записей на док.)",6,0,,Project.documents (M:N с Document),count,перенос,реализовано (этап 03),ok: Project.documents
senotesrel:ProjectTask->Documents,m2m,vtiger_senotesrel,ProjectTask,Documents,"M:N (max 15 док. на запись, 2 записей на док.)",37,12,,ProjectTask.documents (M:N с Document),count,перенос,реализовано (этап 03),ok: ProjectTask.documents
senotesrel:SPPayments->Documents,m2m,vtiger_senotesrel,SPPayments,Documents,"M:N (max 1 док. на запись, 2 записей на док.)",1,0,,Payment.documents (M:N с Document),count,перенос,контракт (этап 04.1),этап 04.4
seattachmentsrel:Documents->Documents Attachment,attachment,vtiger_seattachmentsrel,Documents,Documents Attachment,1:N,199,0,,Document.file,file-hash: наличие + sha256 каждого файла,перенос,реализовано (этап 03),ok: Document.file
seattachmentsrel:Emails->Emails Attachment,attachment,vtiger_seattachmentsrel,Emails,Emails Attachment,1:N,1,0,,Email.attachments,file-hash: наличие + sha256 каждого файла,перенос,реализовано (этап 03),ok: Email.attachments
seattachmentsrel:ModComments->ModComments Attachment,attachment,vtiger_seattachmentsrel,ModComments,ModComments Attachment,1:N,2,0,,Note.attachments,file-hash: наличие + sha256 каждого файла,перенос,реализовано (этап 03),ok: Note.attachments
seattachmentsrel:Contacts->Contacts Image,attachment,vtiger_seattachmentsrel,Contacts,Contacts Image,1:N,1,0,,Contact.cPhoto,file-hash: наличие + sha256 каждого файла,перенос,реализовано (этап 03),ok: Contact.cPhoto
contpotentialrel:Contacts->Potentials,m2m,vtiger_contpotentialrel,Contacts,Potentials,M:N,5,0,,Opportunity.contacts,count,перенос,реализовано (этап 03),ok: Opportunity.contacts
lines:Invoice,lines,vtiger_inventoryproductrel.id,Invoice,lines,1:N (max 6 строк),712,0,документов 636,InvoiceItem.invoice,count+sum по документу,перенос,контракт (этап 04.1),этап 04.3
lines:Act,lines,vtiger_inventoryproductrel.id,Act,lines,1:N (max 2 строк),417,0,документов 404,ActItem.act,count+sum по документу,перенос,контракт (этап 04.1),этап 04.5
lines:Quotes,lines,vtiger_inventoryproductrel.id,Quotes,lines,1:N (max 2 строк),27,0,документов 24,QuoteItem.quote,count+sum по документу,перенос,реализовано (этап 04.2),ok: QuoteItem.quote
lines:SalesOrder,lines,vtiger_inventoryproductrel.id,SalesOrder,lines,1:N (max 1 строк),14,0,документов 14,SalesOrderItem.salesOrder,count+sum по документу,перенос,реализовано (этап 04.2),ok: SalesOrderItem.salesOrder
lines:Consignment,lines,vtiger_inventoryproductrel.id,Consignment,lines,1:N (max 3 строк),3,0,документов 1,VtigerArchive.data (строки),count+sum по документу,архив (только чтение),реализовано (этап 03),ok: VtigerArchive.data
allocation:SPPayments->Invoice,derived,"sp_payments.related_to ∪ vtiger_crmentityrel(Invoice,SPPayments)",SPPayments,Invoice|SalesOrder,related_to: N:1 (до 5 платежей на счёт); связь: ≤1 счёт на платёж; конфликтов 38,678,38,both_same_invoice: 425; conflict_rel_other_invoice: 38; rel_only: 56; related_to_invoice_only: 152; related_to_salesorder: 7; unallocated: 120,"PaymentAllocation(payment, invoice|salesOrder, amount)",count по категориям разбиения; сумма распределений = сумма платежа; конфликты — ручной разбор,перенос: related_to — основной; связь — только при пустом related_to; конфликты не угадывать; расходы со связью — Q-36,контракт (этап 04.1),этап 04.4
invoice_act:Invoice->Act,field,vtiger_invoice.sp_act_id,Invoice,Act,"N:1, фактически ≤1:1 (актов со связью 392, макс. счетов на акт 1)",392,0,живых актов без живого счёта: 12,"Invoice.act / Act.invoices (hasMany, без ограничения 1:1)",fk-resolve,перенос,контракт (этап 04.1),этап 04.3
starred:Users->*,m2m,vtiger_crmentity_user_field,*,Users,M:N,3,0,истинных отметок: Faq 3,—,count,исключено: персональные «звёздочки»,решено,—
tags:Faq,m2m,vtiger_freetagged_objects,Faq,tags,M:N,29,0,тегов 13,KnowledgeBaseArticle.cTags (multiEnum),count,перенос,реализовано (этап 03),ok: KnowledgeBaseArticle.cTags
tags:HelpDesk,m2m,vtiger_freetagged_objects,HelpDesk,tags,M:N,2,0,тегов 2,Case.cTags (multiEnum),count,перенос,реализовано (этап 03),ok: Case.cTags
tags:ProjectTask,m2m,vtiger_freetagged_objects,ProjectTask,tags,M:N,2,0,тегов 2,ProjectTask.tags (multiEnum),count,перенос,реализовано (этап 03),ok: ProjectTask.tags
history-link:Accounts->Calendar,history,vtiger_modtracker_relations,Accounts,Calendar,журнал,21,0,,—,count,исключено: история не переносится (Q-27),решено,—
history-link:Accounts->Contacts,history,vtiger_modtracker_relations,Accounts,Contacts,журнал,20,0,,—,count,исключено: история не переносится (Q-27),решено,—
history-link:Accounts->Documents,history,vtiger_modtracker_relations,Accounts,Documents,журнал,5,0,,—,count,исключено: история не переносится (Q-27),решено,—
history-link:Accounts->HelpDesk,history,vtiger_modtracker_relations,Accounts,HelpDesk,журнал,3,0,,—,count,исключено: история не переносится (Q-27),решено,—
history-link:Accounts->Invoice,history,vtiger_modtracker_relations,Accounts,Invoice,журнал,443,0,,—,count,исключено: история не переносится (Q-27),решено,—
history-link:Accounts->ModComments,history,vtiger_modtracker_relations,Accounts,ModComments,журнал,7,0,,—,count,исключено: история не переносится (Q-27),решено,—
history-link:Accounts->Potentials,history,vtiger_modtracker_relations,Accounts,Potentials,журнал,63,0,,—,count,исключено: история не переносится (Q-27),решено,—
history-link:Accounts->Project,history,vtiger_modtracker_relations,Accounts,Project,журнал,3,0,,—,count,исключено: история не переносится (Q-27),решено,—
history-link:Accounts->SPPayments,history,vtiger_modtracker_relations,Accounts,SPPayments,журнал,180,0,,—,count,исключено: история не переносится (Q-27),решено,—
history-link:Act->Documents,history,vtiger_modtracker_relations,Act,Documents,журнал,42,0,,—,count,исключено: история не переносится (Q-27),решено,—
history-link:Consignment->Documents,history,vtiger_modtracker_relations,Consignment,Documents,журнал,2,0,,—,count,исключено: история не переносится (Q-27),решено,—
history-link:Contacts->Documents,history,vtiger_modtracker_relations,Contacts,Documents,журнал,2,0,,—,count,исключено: история не переносится (Q-27),решено,—
history-link:Contacts->Emails,history,vtiger_modtracker_relations,Contacts,Emails,журнал,1,0,,—,count,исключено: история не переносится (Q-27),решено,—
history-link:Contacts->HelpDesk,history,vtiger_modtracker_relations,Contacts,HelpDesk,журнал,3,0,,—,count,исключено: история не переносится (Q-27),решено,—
history-link:Contacts->Invoice,history,vtiger_modtracker_relations,Contacts,Invoice,журнал,2,0,,—,count,исключено: история не переносится (Q-27),решено,—
history-link:Contacts->ModComments,history,vtiger_modtracker_relations,Contacts,ModComments,журнал,11,0,,—,count,исключено: история не переносится (Q-27),решено,—
history-link:Contacts->PBXManager,history,vtiger_modtracker_relations,Contacts,PBXManager,журнал,1,0,,—,count,исключено: история не переносится (Q-27),решено,—
history-link:Contacts->Potentials,history,vtiger_modtracker_relations,Contacts,Potentials,журнал,4,0,,—,count,исключено: история не переносится (Q-27),решено,—
history-link:Contacts->SPCallPopup,history,vtiger_modtracker_relations,Contacts,SPCallPopup,журнал,1,0,,—,count,исключено: история не переносится (Q-27),решено,—
history-link:Contacts->SPPayments,history,vtiger_modtracker_relations,Contacts,SPPayments,журнал,5,0,,—,count,исключено: история не переносится (Q-27),решено,—
history-link:Faq->Documents,history,vtiger_modtracker_relations,Faq,Documents,журнал,3,0,,—,count,исключено: история не переносится (Q-27),решено,—
history-link:Faq->ModComments,history,vtiger_modtracker_relations,Faq,ModComments,журнал,3,0,,—,count,исключено: история не переносится (Q-27),решено,—
history-link:HelpDesk->Documents,history,vtiger_modtracker_relations,HelpDesk,Documents,журнал,4,0,,—,count,исключено: история не переносится (Q-27),решено,—
history-link:HelpDesk->Emails,history,vtiger_modtracker_relations,HelpDesk,Emails,журнал,105,0,,—,count,исключено: история не переносится (Q-27),решено,—
history-link:HelpDesk->ModComments,history,vtiger_modtracker_relations,HelpDesk,ModComments,журнал,3,0,,—,count,исключено: история не переносится (Q-27),решено,—
history-link:Invoice->Calendar,history,vtiger_modtracker_relations,Invoice,Calendar,журнал,1,0,,—,count,исключено: история не переносится (Q-27),решено,—
history-link:Invoice->Consignment,history,vtiger_modtracker_relations,Invoice,Consignment,журнал,1,0,,—,count,исключено: история не переносится (Q-27),решено,—
history-link:Invoice->Documents,history,vtiger_modtracker_relations,Invoice,Documents,журнал,74,0,,—,count,исключено: история не переносится (Q-27),решено,—
history-link:Invoice->SPPayments,history,vtiger_modtracker_relations,Invoice,SPPayments,журнал,656,0,,—,count,исключено: история не переносится (Q-27),решено,—
history-link:Leads->Calendar,history,vtiger_modtracker_relations,Leads,Calendar,журнал,46,0,,—,count,исключено: история не переносится (Q-27),решено,—
history-link:Leads->Documents,history,vtiger_modtracker_relations,Leads,Documents,журнал,5,0,,—,count,исключено: история не переносится (Q-27),решено,—
history-link:Leads->Emails,history,vtiger_modtracker_relations,Leads,Emails,журнал,1,0,,—,count,исключено: история не переносится (Q-27),решено,—
history-link:Leads->Jivosite,history,vtiger_modtracker_relations,Leads,Jivosite,журнал,52,0,,—,count,исключено: история не переносится (Q-27),решено,—
history-link:Leads->ModComments,history,vtiger_modtracker_relations,Leads,ModComments,журнал,14,0,,—,count,исключено: история не переносится (Q-27),решено,—
history-link:Leads->PBXManager,history,vtiger_modtracker_relations,Leads,PBXManager,журнал,2,0,,—,count,исключено: история не переносится (Q-27),решено,—
history-link:Leads->SPCallPopup,history,vtiger_modtracker_relations,Leads,SPCallPopup,журнал,2,0,,—,count,исключено: история не переносится (Q-27),решено,—
history-link:PBXManager->SPCallPopup,history,vtiger_modtracker_relations,PBXManager,SPCallPopup,журнал,210,0,,—,count,исключено: история не переносится (Q-27),решено,—
history-link:Potentials->Calendar,history,vtiger_modtracker_relations,Potentials,Calendar,журнал,26,0,,—,count,исключено: история не переносится (Q-27),решено,—
history-link:Potentials->Documents,history,vtiger_modtracker_relations,Potentials,Documents,журнал,40,0,,—,count,исключено: история не переносится (Q-27),решено,—
history-link:Potentials->Emails,history,vtiger_modtracker_relations,Potentials,Emails,журнал,69,0,,—,count,исключено: история не переносится (Q-27),решено,—
history-link:Potentials->Invoice,history,vtiger_modtracker_relations,Potentials,Invoice,журнал,22,0,,—,count,исключено: история не переносится (Q-27),решено,—
history-link:Potentials->ModComments,history,vtiger_modtracker_relations,Potentials,ModComments,журнал,15,0,,—,count,исключено: история не переносится (Q-27),решено,—
history-link:Potentials->Quotes,history,vtiger_modtracker_relations,Potentials,Quotes,журнал,1,0,,—,count,исключено: история не переносится (Q-27),решено,—
history-link:Potentials->Services,history,vtiger_modtracker_relations,Potentials,Services,журнал,4,0,,—,count,исключено: история не переносится (Q-27),решено,—
history-link:Products->Documents,history,vtiger_modtracker_relations,Products,Documents,журнал,2,0,,—,count,исключено: история не переносится (Q-27),решено,—
history-link:Project->Documents,history,vtiger_modtracker_relations,Project,Documents,журнал,6,0,,—,count,исключено: история не переносится (Q-27),решено,—
history-link:Project->HelpDesk,history,vtiger_modtracker_relations,Project,HelpDesk,журнал,1,0,,—,count,исключено: история не переносится (Q-27),решено,—
history-link:Project->ModComments,history,vtiger_modtracker_relations,Project,ModComments,журнал,14,0,,—,count,исключено: история не переносится (Q-27),решено,—
history-link:Project->ProjectTask,history,vtiger_modtracker_relations,Project,ProjectTask,журнал,486,0,,—,count,исключено: история не переносится (Q-27),решено,—
history-link:ProjectTask->Documents,history,vtiger_modtracker_relations,ProjectTask,Documents,журнал,49,0,,—,count,исключено: история не переносится (Q-27),решено,—
history-link:ProjectTask->ModComments,history,vtiger_modtracker_relations,ProjectTask,ModComments,журнал,11,0,,—,count,исключено: история не переносится (Q-27),решено,—
history-link:SPCallPopup->Contacts,history,vtiger_modtracker_relations,SPCallPopup,Contacts,журнал,1,0,,—,count,исключено: история не переносится (Q-27),решено,—
history-link:SPCallPopup->Leads,history,vtiger_modtracker_relations,SPCallPopup,Leads,журнал,2,0,,—,count,исключено: история не переносится (Q-27),решено,—
history-link:SPCallPopup->PBXManager,history,vtiger_modtracker_relations,SPCallPopup,PBXManager,журнал,210,0,,—,count,исключено: история не переносится (Q-27),решено,—
history-link:SPPayments->Documents,history,vtiger_modtracker_relations,SPPayments,Documents,журнал,1,0,,—,count,исключено: история не переносится (Q-27),решено,—
history-link:Vendors->SPPayments,history,vtiger_modtracker_relations,Vendors,SPPayments,журнал,44,0,,—,count,исключено: история не переносится (Q-27),решено,—
users2group,acl,vtiger_users2group,Users,Groups,M:N,4,0,,User.teams,count,перенос,предложено,роли/команды: itvolga-setup-acl
user2role,acl,vtiger_user2role,Users,Roles,N:1,7,0,,User.roles,count,перенос (роли пересобираются),предложено,роли/команды: itvolga-setup-acl
